car_ID,symboling,CarName,fueltype,aspiration,doornumber,carbody,drivewheel,enginelocation,wheelbase,carlength,carwidth,carheight,curbweight,enginetype,cylindernumber,enginesize,fuelsystem,boreratio,stroke,compressionratio,horsepower,peakrpm,citympg,highwaympg,price,brand,power_to_weight,engine_power_ratio,average_mpg,log_price
1,3,alfa-romero giulia,gas,std,2,convertible,rwd,front,88.6,168.8,64.1,48.8,2548,dohc,4,130,mpfi,3.47,2.68,9.0,111,5000,21,27,13495.0,alfa-romero,0.04356357927786499,0.8538461538461538,24.0,9.510074525452104
2,3,alfa-romero stelvio,gas,std,2,convertible,rwd,front,88.6,168.8,64.1,48.8,2548,dohc,4,130,mpfi,3.47,2.68,9.0,111,5000,21,27,16500.0,alfa-romero,0.04356357927786499,0.8538461538461538,24.0,9.711115659888671
3,1,alfa-romero Quadrifoglio,gas,std,2,hatchback,rwd,front,94.5,171.2,65.5,52.4,2823,ohcv,6,152,mpfi,2.68,3.47,9.0,154,5000,19,26,16500.0,alfa-romero,0.05455189514700673,1.013157894736842,22.5,9.711115659888671
4,2,audi 100 ls,gas,std,4,sedan,fwd,front,99.8,176.6,66.2,54.3,2337,ohc,4,109,mpfi,3.19,3.4,10.0,102,5500,24,30,13950.0,audi,0.043645699614890884,0.9357798165137615,27.0,9.543234787249512
5,2,audi 100ls,gas,std,4,sedan,4wd,front,99.4,176.6,66.4,54.3,2824,ohc,5,136,mpfi,3.19,3.4,8.0,115,5500,18,22,17450.0,audi,0.04072237960339943,0.8455882352941176,20.0,9.767094927630573
6,2,audi fox,gas,std,2,sedan,fwd,front,99.8,177.3,66.3,53.1,2507,ohc,5,136,mpfi,3.19,3.4,8.5,110,5500,19,25,15250.0,audi,0.043877143996808934,0.8088235294117647,22.0,9.632334782035558
7,1,audi 100ls,gas,std,4,sedan,fwd,front,105.8,192.7,71.4,55.7,2844,ohc,5,136,mpfi,3.19,3.4,8.5,110,5500,19,25,17710.0,audi,0.03867791842475387,0.8088235294117647,22.0,9.781884730776879
8,1,audi 5000,gas,std,4,wagon,fwd,front,105.8,192.7,71.4,55.7,2954,ohc,5,136,mpfi,3.19,3.4,8.5,110,5500,19,25,18920.0,audi,0.037237643872714964,0.8088235294117647,22.0,9.847974842605868
9,1,audi 4000,gas,turbo,4,sedan,fwd,front,105.8,192.7,71.4,55.9,3086,ohc,5,131,mpfi,3.13,3.4,8.3,140,5500,17,20,23875.0,audi,0.04536616979909268,1.0687022900763359,18.5,10.08058716534893
10,0,audi 5000s (diesel),gas,turbo,2,hatchback,4wd,front,99.5,178.2,67.9,52.0,3053,ohc,5,131,mpfi,3.13,3.4,7.0,160,5500,16,22,17859.167,audi,0.05240746806419915,1.2213740458015268,19.0,9.790272212805272
11,2,bmw 320i,gas,std,2,sedan,rwd,front,101.2,176.8,64.8,54.3,2395,ohc,4,108,mpfi,3.5,2.8,8.8,101,5800,23,29,16430.0,bmw,0.042171189979123176,0.9351851851851852,26.0,9.706864211031315
12,0,bmw 320i,gas,std,4,sedan,rwd,front,101.2,176.8,64.8,54.3,2395,ohc,4,108,mpfi,3.5,2.8,8.8,101,5800,23,29,16925.0,bmw,0.042171189979123176,0.9351851851851852,26.0,9.736547097780475
13,0,bmw x1,gas,std,2,sedan,rwd,front,101.2,176.8,64.8,54.3,2710,ohc,6,164,mpfi,3.31,3.19,9.0,121,4250,21,28,20970.0,bmw,0.044649446494464944,0.7378048780487805,24.5,9.950848123895966
14,0,bmw x3,gas,std,4,sedan,rwd,front,101.2,176.8,64.8,54.3,2765,ohc,6,164,mpfi,3.31,3.19,9.0,121,4250,21,28,21105.0,bmw,0.04376130198915009,0.7378048780487805,24.5,9.9572652582166
15,1,bmw z4,gas,std,4,sedan,rwd,front,103.5,189.0,66.9,55.7,3055,ohc,6,164,mpfi,3.31,3.19,9.0,121,4250,20,25,24565.0,bmw,0.03960720130932897,0.7378048780487805,22.5,10.109077944602749
16,0,bmw x4,gas,std,4,sedan,rwd,front,103.5,189.0,66.9,55.7,3230,ohc,6,209,mpfi,3.62,3.39,8.0,182,5400,16,22,30760.0,bmw,0.056346749226006194,0.8708133971291866,19.0,10.333970423619581
17,0,bmw x5,gas,std,2,sedan,rwd,front,103.5,193.8,67.9,53.7,3380,ohc,6,209,mpfi,3.62,3.39,8.0,182,5400,16,22,41315.0,bmw,0.05384615384615385,0.8708133971291866,19.0,10.628980909135285
18,0,bmw x3,gas,std,4,sedan,rwd,front,110.0,197.0,70.9,56.3,3505,ohc,6,209,mpfi,3.62,3.39,8.0,182,5400,15,20,36880.0,bmw,0.051925820256776035,0.8708133971291866,17.5,10.51542467767053
19,2,chevrolet impala,gas,std,2,hatchback,fwd,front,88.4,141.1,60.3,53.2,1488,l,3,61,2bbl,2.91,3.03,9.5,48,5100,47,53,5151.0,chevrolet,0.03225806451612903,0.7868852459016393,50.0,8.546946149565585
20,1,chevrolet monte carlo,gas,std,2,hatchback,fwd,front,94.5,155.9,63.6,52.0,1874,ohc,4,90,2bbl,3.03,3.11,9.6,70,5400,38,43,6295.0,chevrolet,0.03735325506937033,0.7777777777777778,40.5,8.747510946478448
21,0,chevrolet vega 2300,gas,std,4,sedan,fwd,front,94.5,158.8,63.6,52.0,1909,ohc,4,90,2bbl,3.03,3.11,9.6,70,5400,38,43,6575.0,chevrolet,0.03666841278156103,0.7777777777777778,40.5,8.791029857045965
22,1,dodge rampage,gas,std,2,hatchback,fwd,front,93.7,157.3,63.8,50.8,1876,ohc,4,90,2bbl,2.97,3.23,9.41,68,5500,37,41,5572.0,dodge,0.03624733475479744,0.7555555555555555,39.0,8.625509334899697
23,1,dodge challenger se,gas,std,2,hatchback,fwd,front,93.7,157.3,63.8,50.8,1876,ohc,4,90,2bbl,2.97,3.23,9.4,68,5500,31,38,6377.0,dodge,0.03624733475479744,0.7555555555555555,34.5,8.760453046315272
24,1,dodge d200,gas,turbo,2,hatchback,fwd,front,93.7,157.3,63.8,50.8,2128,ohc,4,98,mpfi,3.03,3.39,7.6,102,5500,24,30,7957.0,dodge,0.047932330827067667,1.0408163265306123,27.0,8.981807323377534
25,1,dodge monaco (sw),gas,std,4,hatchback,fwd,front,93.7,157.3,63.8,50.6,1967,ohc,4,90,2bbl,2.97,3.23,9.4,68,5500,31,38,6229.0,dodge,0.03457041179461108,0.7555555555555555,34.5,8.736971085254146
26,1,dodge colt hardtop,gas,std,4,sedan,fwd,front,93.7,157.3,63.8,50.6,1989,ohc,4,90,2bbl,2.97,3.23,9.4,68,5500,31,38,6692.0,dodge,0.03418803418803419,0.7555555555555555,34.5,8.808668062106715
27,1,dodge colt (sw),gas,std,4,sedan,fwd,front,93.7,157.3,63.8,50.6,1989,ohc,4,90,2bbl,2.97,3.23,9.4,68,5500,31,38,7609.0,dodge,0.03418803418803419,0.7555555555555555,34.5,8.937087036176523
28,1,dodge coronet custom,gas,turbo,2,sedan,fwd,front,93.7,157.3,63.8,50.6,2191,ohc,4,98,mpfi,3.03,3.39,7.6,102,5500,24,30,8558.0,dodge,0.04655408489274304,1.0408163265306123,27.0,9.054621796976763
29,-1,dodge dart custom,gas,std,4,wagon,fwd,front,103.3,174.6,64.6,59.8,2535,ohc,4,122,2bbl,3.34,3.46,8.5,88,5000,24,30,8921.0,dodge,0.03471400394477318,0.7213114754098361,27.0,9.096163326913784
30,3,dodge coronet custom (sw),gas,turbo,2,hatchback,fwd,front,95.9,173.2,66.3,50.2,2811,ohc,4,156,mfi,3.6,3.9,7.0,145,5000,19,24,12964.0,dodge,0.05158306652436855,0.9294871794871795,21.5,9.469931564261438
31,2,honda civic,gas,std,2,hatchback,fwd,front,86.6,144.6,63.9,50.8,1713,ohc,4,92,1bbl,2.91,3.41,9.6,58,4800,49,54,6479.0,honda,0.033858727378867484,0.6304347826086957,51.5,8.776321456449958
32,2,honda civic cvcc,gas,std,2,hatchback,fwd,front,86.6,144.6,63.9,50.8,1819,ohc,4,92,1bbl,2.91,3.41,9.2,76,6000,31,38,6855.0,honda,0.04178119846069269,0.8260869565217391,34.5,8.832733591996416
33,1,honda civic,gas,std,2,hatchback,fwd,front,93.7,150.0,64.0,52.6,1837,ohc,4,79,1bbl,2.91,3.07,10.1,60,5500,38,42,5399.0,honda,0.0326619488296135,0.759493670886076,40.0,8.593969030218288
34,1,honda accord cvcc,gas,std,2,hatchback,fwd,front,93.7,150.0,64.0,52.6,1940,ohc,4,92,1bbl,2.91,3.41,9.2,76,6000,30,34,6529.0,honda,0.03917525773195876,0.8260869565217391,32.0,8.784009071186633
35,1,honda civic cvcc,gas,std,2,hatchback,fwd,front,93.7,150.0,64.0,52.6,1956,ohc,4,92,1bbl,2.91,3.41,9.2,76,6000,30,34,7129.0,honda,0.03885480572597137,0.8260869565217391,32.0,8.871926251117628
36,0,honda accord lx,gas,std,4,sedan,fwd,front,96.5,163.4,64.0,54.5,2010,ohc,4,92,1bbl,2.91,3.41,9.2,76,6000,30,34,7295.0,honda,0.03781094527363184,0.8260869565217391,32.0,8.894944460956886
37,0,honda civic 1500 gl,gas,std,4,wagon,fwd,front,96.5,157.1,63.9,58.3,2024,ohc,4,92,1bbl,2.92,3.41,9.2,76,6000,30,34,7295.0,honda,0.037549407114624504,0.8260869565217391,32.0,8.894944460956886
38,0,honda accord,gas,std,2,hatchback,fwd,front,96.5,167.5,65.2,53.3,2236,ohc,4,110,1bbl,3.15,3.58,9.0,86,5800,27,33,7895.0,honda,0.038461538461538464,0.7818181818181819,30.0,8.973984926689743
39,0,honda civic 1300,gas,std,2,hatchback,fwd,front,96.5,167.5,65.2,53.3,2289,ohc,4,110,1bbl,3.15,3.58,9.0,86,5800,27,33,9095.0,honda,0.037570991699432066,0.7818181818181819,30.0,9.115480090952223
40,0,honda prelude,gas,std,4,sedan,fwd,front,96.5,175.4,65.2,54.1,2304,ohc,4,110,1bbl,3.15,3.58,9.0,86,5800,27,33,8845.0,honda,0.03732638888888889,0.7818181818181819,30.0,9.087607606593886
41,0,honda accord,gas,std,4,sedan,fwd,front,96.5,175.4,62.5,54.1,2372,ohc,4,110,1bbl,3.15,3.58,9.0,86,5800,27,33,10295.0,honda,0.03625632377740304,0.7818181818181819,30.0,9.23941361946189
42,0,honda civic,gas,std,4,sedan,fwd,front,96.5,175.4,65.2,54.1,2465,ohc,4,110,mpfi,3.15,3.58,9.0,101,5800,24,28,12945.0,honda,0.040973630831643,0.9181818181818182,26.0,9.468464892185638
43,1,honda civic (auto),gas,std,2,sedan,fwd,front,96.5,169.1,66.0,51.0,2293,ohc,4,110,2bbl,3.15,3.58,9.1,100,5500,25,31,10345.0,honda,0.043610989969472304,0.9090909090909091,28.0,9.244258590179644
44,0,isuzu MU-X,gas,std,4,sedan,rwd,front,94.3,170.7,61.8,53.5,2337,ohc,4,111,2bbl,3.31,3.23,8.5,78,4800,24,29,6785.0,isuzu,0.03337612323491656,0.7027027027027027,26.5,8.82246957226897
45,1,isuzu D-Max,gas,std,2,sedan,fwd,front,94.5,155.9,63.6,52.0,1874,ohc,4,90,2bbl,3.03,3.11,9.6,70,5400,38,43,8916.5,isuzu,0.03735325506937033,0.7777777777777778,40.5,9.095658771892568
46,0,isuzu D-Max V-Cross,gas,std,4,sedan,fwd,front,94.5,155.9,63.6,52.0,1909,ohc,4,90,2bbl,3.03,3.11,9.6,70,5400,38,43,8916.5,isuzu,0.03666841278156103,0.7777777777777778,40.5,9.095658771892568
47,2,isuzu D-Max,gas,std,2,hatchback,rwd,front,96.0,172.6,65.2,51.4,2734,ohc,4,119,spfi,3.43,3.23,9.2,90,5000,24,29,11048.0,isuzu,0.03291880029261156,0.7563025210084033,26.5,9.310004695089129
48,0,jaguar xj,gas,std,4,sedan,rwd,front,113.0,199.6,69.6,52.8,4066,dohc,6,258,mpfi,3.63,4.17,8.1,176,4750,15,19,32250.0,jaguar,0.04328578455484506,0.6821705426356589,17.0,10.381273322223919
49,0,jaguar xf,gas,std,4,sedan,rwd,front,113.0,199.6,69.6,52.8,4066,dohc,6,258,mpfi,3.63,4.17,8.1,176,4750,15,19,35550.0,jaguar,0.04328578455484506,0.6821705426356589,17.0,10.478695435231387
50,0,jaguar xk,gas,std,2,sedan,rwd,front,102.0,191.7,70.6,47.8,3950,ohcv,12,326,mpfi,3.54,2.76,11.5,262,5000,13,17,36000.0,jaguar,0.06632911392405064,0.803680981595092,15.0,10.491274217438248
51,1,maxda rx3,gas,std,2,hatchback,fwd,front,93.1,159.1,64.2,54.1,1890,ohc,4,91,2bbl,3.03,3.15,9.0,68,5000,30,31,5195.0,mazda,0.03597883597883598,0.7472527472527473,30.5,8.555451903533328
52,1,maxda glc deluxe,gas,std,2,hatchback,fwd,front,93.1,159.1,64.2,54.1,1900,ohc,4,91,2bbl,3.03,3.15,9.0,68,5000,31,38,6095.0,mazda,0.035789473684210524,0.7472527472527473,34.5,8.715224041915372
53,1,mazda rx2 coupe,gas,std,2,hatchback,fwd,front,93.1,159.1,64.2,54.1,1905,ohc,4,91,2bbl,3.03,3.15,9.0,68,5000,31,38,6795.0,mazda,0.03569553805774278,0.7472527472527473,34.5,8.823942326585245
54,1,mazda rx-4,gas,std,4,sedan,fwd,front,93.1,166.8,64.2,54.1,1945,ohc,4,91,2bbl,3.03,3.15,9.0,68,5000,31,38,6695.0,mazda,0.03496143958868895,0.7472527472527473,34.5,8.809116258125274
55,1,mazda glc deluxe,gas,std,4,sedan,fwd,front,93.1,166.8,64.2,54.1,1950,ohc,4,91,2bbl,3.08,3.15,9.0,68,5000,31,38,7395.0,mazda,0.03487179487179487,0.7472527472527473,34.5,8.9085593751449
56,3,mazda 626,gas,std,2,hatchback,rwd,front,95.3,169.0,65.7,49.6,2380,rotor,2,70,4bbl,3.33,3.255,9.4,101,6000,17,23,10945.0,mazda,0.04243697478991597,1.4428571428571428,20.0,9.300638009956963
57,3,mazda glc,gas,std,2,hatchback,rwd,front,95.3,169.0,65.7,49.6,2380,rotor,2,70,4bbl,3.33,3.255,9.4,101,6000,17,23,11845.0,mazda,0.04243697478991597,1.4428571428571428,20.0,9.379661116592885
58,3,mazda rx-7 gs,gas,std,2,hatchback,rwd,front,95.3,169.0,65.7,49.6,2385,rotor,2,70,4bbl,3.33,3.255,9.4,101,6000,17,23,13645.0,mazda,0.042348008385744235,1.4428571428571428,20.0,9.521128433142438
59,3,mazda glc 4,gas,std,2,hatchback,rwd,front,95.3,169.0,65.7,49.6,2500,rotor,2,80,mpfi,3.33,3.255,9.4,135,6000,16,23,15645.0,mazda,0.054,1.6875,19.5,9.657906656102982
60,1,mazda 626,gas,std,2,hatchback,fwd,front,98.8,177.8,66.5,53.7,2385,ohc,4,122,2bbl,3.39,3.39,8.6,84,4800,26,32,8845.0,mazda,0.03522012578616352,0.6885245901639344,29.0,9.087607606593886
61,0,mazda glc custom l,gas,std,4,sedan,fwd,front,98.8,177.8,66.5,55.5,2410,ohc,4,122,2bbl,3.39,3.39,8.6,84,4800,26,32,8495.0,mazda,0.034854771784232366,0.6885245901639344,29.0,9.047233034106032
62,1,mazda glc custom,gas,std,2,hatchback,fwd,front,98.8,177.8,66.5,53.7,2385,ohc,4,122,2bbl,3.39,3.39,8.6,84,4800,26,32,10595.0,mazda,0.03522012578616352,0.6885245901639344,29.0,9.2681374707024
63,0,mazda rx-4,gas,std,4,sedan,fwd,front,98.8,177.8,66.5,55.5,2410,ohc,4,122,2bbl,3.39,3.39,8.6,84,4800,26,32,10245.0,mazda,0.034854771784232366,0.6885245901639344,29.0,9.234545060673
64,0,mazda glc deluxe,diesel,std,4,sedan,fwd,front,98.8,177.8,66.5,55.5,2443,ohc,4,122,idi,3.39,3.39,22.7,64,4650,36,42,10795.0,mazda,0.026197298403602128,0.5245901639344263,39.0,9.286838342948908
65,0,mazda 626,gas,std,4,hatchback,fwd,front,98.8,177.8,66.5,55.5,2425,ohc,4,122,2bbl,3.39,3.39,8.6,84,4800,26,32,11245.0,mazda,0.03463917525773196,0.6885245901639344,29.0,9.327678864393416
66,0,mazda glc,gas,std,4,sedan,rwd,front,104.9,175.0,66.1,54.4,2670,ohc,4,140,mpfi,3.76,3.16,8.0,120,5000,19,27,18280.0,mazda,0.0449438202247191,0.8571428571428571,23.0,9.813562845008141
67,0,mazda rx-7 gs,diesel,std,4,sedan,rwd,front,104.9,175.0,66.1,54.4,2700,ohc,4,134,idi,3.43,3.64,22.0,72,4200,31,39,18344.0,mazda,0.02666666666666667,0.5373134328358209,35.0,9.81705782453774
68,-1,buick electra 225 custom,diesel,turbo,4,sedan,rwd,front,110.0,190.9,70.3,56.5,3515,ohc,5,183,idi,3.58,3.64,21.5,123,4350,22,25,25552.0,buick,0.03499288762446657,0.6721311475409836,23.5,10.148470870454794
69,-1,buick century luxus (sw),diesel,turbo,4,wagon,rwd,front,110.0,190.9,70.3,58.7,3750,ohc,5,183,idi,3.58,3.64,21.5,123,4350,22,25,28248.0,buick,0.0328,0.6721311475409836,23.5,10.248777937608223
70,0,buick century,diesel,turbo,2,hardtop,rwd,front,106.7,187.5,70.3,54.9,3495,ohc,5,183,idi,3.58,3.64,21.5,123,4350,22,25,28176.0,buick,0.0351931330472103,0.6721311475409836,23.5,10.246225830735987
71,-1,buick skyhawk,diesel,turbo,4,sedan,rwd,front,115.6,202.6,71.7,56.3,3770,ohc,5,183,idi,3.58,3.64,21.5,123,4350,22,25,31600.0,buick,0.03262599469496021,0.6721311475409836,23.5,10.360912399575003
72,-1,buick opel isuzu deluxe,gas,std,4,sedan,rwd,front,115.6,202.6,71.7,56.5,3740,ohcv,8,234,mpfi,3.46,3.1,8.3,155,4750,16,18,34184.0,buick,0.04144385026737968,0.6623931623931624,17.0,10.439512977323862
73,3,buick skylark,gas,std,2,convertible,rwd,front,96.6,180.3,70.5,50.8,3685,ohcv,8,234,mpfi,3.46,3.1,8.3,155,4750,16,18,35056.0,buick,0.04206241519674356,0.6623931623931624,17.0,10.464702061835247
74,0,buick century special,gas,std,4,sedan,rwd,front,120.9,208.1,71.7,56.7,3900,ohcv,8,308,mpfi,3.8,3.35,8.0,184,4500,14,16,40960.0,buick,0.04717948717948718,0.5974025974025974,15.0,10.62035125971339
75,1,buick regal sport coupe (turbo),gas,std,2,hardtop,rwd,front,112.0,199.2,72.0,55.4,3715,ohcv,8,304,mpfi,3.8,3.35,8.0,184,4500,14,16,45400.0,buick,0.04952893674293405,0.6052631578947368,15.0,10.72326738402944
76,1,mercury cougar,gas,turbo,2,hatchback,rwd,front,102.7,178.4,68.0,54.8,2910,ohc,4,140,mpfi,3.78,3.12,8.0,175,5000,19,24,16503.0,mercury,0.06013745704467354,1.25,21.5,9.711297461543568
77,2,mitsubishi mirage,gas,std,2,hatchback,fwd,front,93.7,157.3,64.4,50.8,1918,ohc,4,92,2bbl,2.97,3.23,9.4,68,5500,37,41,5389.0,mitsubishi,0.035453597497393116,0.7391304347826086,39.0,8.592115117933497
78,2,mitsubishi lancer,gas,std,2,hatchback,fwd,front,93.7,157.3,64.4,50.8,1944,ohc,4,92,2bbl,2.97,3.23,9.4,68,5500,31,38,6189.0,mitsubishi,0.03497942386831276,0.7391304347826086,34.5,8.73052880173936
79,2,mitsubishi outlander,gas,std,2,hatchback,fwd,front,93.7,157.3,64.4,50.8,2004,ohc,4,92,2bbl,2.97,3.23,9.4,68,5500,31,38,6669.0,mitsubishi,0.033932135728542916,0.7391304347826086,34.5,8.805225202632306
80,1,mitsubishi g4,gas,turbo,2,hatchback,fwd,front,93.0,157.3,63.8,50.8,2145,ohc,4,98,spdi,3.03,3.39,7.6,102,5500,24,30,7689.0,mitsubishi,0.04755244755244755,1.0408163265306123,27.0,8.94754601503218
81,3,mitsubishi mirage g4,gas,turbo,2,hatchback,fwd,front,96.3,173.0,65.4,49.4,2370,ohc,4,110,spdi,3.17,3.46,7.5,116,5500,23,30,9959.0,mitsubishi,0.048945147679324896,1.0545454545454545,26.5,9.20623194393164
82,3,mitsubishi g4,gas,std,2,hatchback,fwd,front,96.3,173.0,65.4,49.4,2328,ohc,4,122,2bbl,3.35,3.46,8.5,88,5000,25,32,8499.0,mitsubishi,0.037800687285223365,0.7213114754098361,28.5,9.047703788498627
83,3,mitsubishi outlander,gas,turbo,2,hatchback,fwd,front,95.9,173.2,66.3,50.2,2833,ohc,4,156,spdi,3.58,3.86,7.0,145,5000,19,24,12629.0,mitsubishi,0.05118249205788916,0.9294871794871795,21.5,9.44375103564617
84,3,mitsubishi g4,gas,turbo,2,hatchback,fwd,front,95.9,173.2,66.3,50.2,2921,ohc,4,156,spdi,3.59,3.86,7.0,145,5000,19,24,14869.0,mitsubishi,0.04964053406367682,0.9294871794871795,21.5,9.607033787697222
85,3,mitsubishi mirage g4,gas,turbo,2,hatchback,fwd,front,95.9,173.2,66.3,50.2,2926,ohc,4,156,spdi,3.59,3.86,7.0,145,5000,19,24,14489.0,mitsubishi,0.04955570745044429,0.9294871794871795,21.5,9.581145019820722
86,1,mitsubishi montero,gas,std,4,sedan,fwd,front,96.3,172.4,65.4,51.6,2365,ohc,4,122,2bbl,3.35,3.46,8.5,88,5000,25,32,6989.0,mitsubishi,0.037209302325581395,0.7213114754098361,28.5,8.85209276347713
87,1,mitsubishi pajero,gas,std,4,sedan,fwd,front,96.3,172.4,65.4,51.6,2405,ohc,4,122,2bbl,3.35,3.46,8.5,88,5000,25,32,8189.0,mitsubishi,0.03659043659043659,0.7213114754098361,28.5,9.010547069270189
88,1,mitsubishi outlander,gas,turbo,4,sedan,fwd,front,96.3,172.4,65.4,51.6,2403,ohc,4,110,spdi,3.17,3.46,7.5,116,5500,23,30,9279.0,mitsubishi,0.04827299209321681,1.0545454545454545,26.5,9.13550906135318
89,-1,mitsubishi mirage g4,gas,std,4,sedan,fwd,front,96.3,172.4,65.4,51.6,2403,ohc,4,110,spdi,3.17,3.46,7.5,116,5500,23,30,9279.0,mitsubishi,0.04827299209321681,1.0545454545454545,26.5,9.13550906135318
90,1,Nissan versa,gas,std,2,sedan,fwd,front,94.5,165.3,63.8,54.5,1889,ohc,4,97,2bbl,3.15,3.29,9.4,69,5200,31,37,5499.0,nissan,0.036527263102170464,0.711340206185567,34.0,8.612321536507814
91,1,nissan gt-r,diesel,std,2,sedan,fwd,front,94.5,165.3,63.8,54.5,2017,ohc,4,103,idi,2.99,3.47,21.9,55,4800,45,50,7099.0,nissan,0.027268220128904314,0.5339805825242718,47.5,8.867709208039386
92,1,nissan rogue,gas,std,2,sedan,fwd,front,94.5,165.3,63.8,54.5,1918,ohc,4,97,2bbl,3.15,3.29,9.4,69,5200,31,37,6649.0,nissan,0.03597497393117831,0.711340206185567,34.0,8.802221746402456
93,1,nissan latio,gas,std,4,sedan,fwd,front,94.5,165.3,63.8,54.5,1938,ohc,4,97,2bbl,3.15,3.29,9.4,69,5200,31,37,6849.0,nissan,0.03560371517027864,0.711340206185567,34.0,8.831857935197906
94,1,nissan titan,gas,std,4,wagon,fwd,front,94.5,170.2,63.8,53.5,2024,ohc,4,97,2bbl,3.15,3.29,9.4,69,5200,31,37,7349.0,nissan,0.03409090909090909,0.711340206185567,34.0,8.90231952852887
95,1,nissan leaf,gas,std,2,sedan,fwd,front,94.5,165.3,63.8,54.5,1951,ohc,4,97,2bbl,3.15,3.29,9.4,69,5200,31,37,7299.0,nissan,0.035366478728856995,0.711340206185567,34.0,8.895492631451633
96,1,nissan juke,gas,std,2,hatchback,fwd,front,94.5,165.6,63.8,53.3,2028,ohc,4,97,2bbl,3.15,3.29,9.4,69,5200,31,37,7799.0,nissan,0.034023668639053255,0.711340206185567,34.0,8.961750799330497
97,1,nissan latio,gas,std,4,sedan,fwd,front,94.5,165.3,63.8,54.5,1971,ohc,4,97,2bbl,3.15,3.29,9.4,69,5200,31,37,7499.0,nissan,0.0350076103500761,0.711340206185567,34.0,8.92252495730139
98,1,nissan note,gas,std,4,wagon,fwd,front,94.5,170.2,63.8,53.5,2037,ohc,4,97,2bbl,3.15,3.29,9.4,69,5200,31,37,7999.0,nissan,0.033873343151693665,0.711340206185567,34.0,8.987071812848821
99,2,nissan clipper,gas,std,2,hardtop,fwd,front,95.1,162.4,63.8,53.3,2008,ohc,4,97,2bbl,3.15,3.29,9.4,69,5200,31,37,8249.0,nissan,0.03436254980079681,0.711340206185567,34.0,9.017847259860732
100,0,nissan rogue,gas,std,4,hatchback,fwd,front,97.2,173.4,65.2,54.7,2324,ohc,4,120,2bbl,3.33,3.47,8.5,97,5200,27,34,8949.0,nissan,0.04173838209982788,0.8083333333333333,30.5,9.099297073182859
101,0,nissan nv200,gas,std,4,sedan,fwd,front,97.2,173.4,65.2,54.7,2302,ohc,4,120,2bbl,3.33,3.47,8.5,97,5200,27,34,9549.0,nissan,0.0421372719374457,0.8083333333333333,30.5,9.164191715950203
102,0,nissan dayz,gas,std,4,sedan,fwd,front,100.4,181.7,66.5,55.1,3095,ohcv,6,181,mpfi,3.43,3.27,9.0,152,5200,17,22,13499.0,nissan,0.04911147011308562,0.8397790055248618,19.5,9.510370887608827
103,0,nissan fuga,gas,std,4,wagon,fwd,front,100.4,184.6,66.5,56.1,3296,ohcv,6,181,mpfi,3.43,3.27,9.0,152,5200,17,22,14399.0,nissan,0.04611650485436893,0.8397790055248618,19.5,9.57491403870827
104,0,nissan otti,gas,std,4,sedan,fwd,front,100.4,184.6,66.5,55.1,3060,ohcv,6,181,mpfi,3.43,3.27,9.0,152,5200,19,25,13499.0,nissan,0.04967320261437908,0.8397790055248618,22.0,9.510370887608827
105,3,nissan teana,gas,std,2,hatchback,rwd,front,91.3,170.7,67.9,49.7,3071,ohcv,6,181,mpfi,3.43,3.27,9.0,160,5200,19,25,17199.0,nissan,0.052100293064148484,0.8839779005524862,22.0,9.752606521576492
106,3,nissan kicks,gas,turbo,2,hatchback,rwd,front,91.3,170.7,67.9,49.7,3139,ohcv,6,181,mpfi,3.43,3.27,7.8,200,5200,17,23,19699.0,nissan,0.06371455877668047,1.1049723756906078,20.0,9.888323152016355
107,1,nissan clipper,gas,std,2,hatchback,rwd,front,99.2,178.5,67.9,49.7,3139,ohcv,6,181,mpfi,3.43,3.27,9.0,160,5200,19,25,18399.0,nissan,0.05097164702134438,0.8839779005524862,22.0,9.820051594294094
108,0,peugeot 504,gas,std,4,sedan,rwd,front,107.9,186.7,68.4,56.7,3020,l,4,120,mpfi,3.46,3.19,8.4,97,5000,19,24,11900.0,peugeot,0.032119205298013244,0.8083333333333333,21.5,9.38429367909962
109,0,peugeot 304,diesel,turbo,4,sedan,rwd,front,107.9,186.7,68.4,56.7,3197,l,4,152,idi,3.7,3.52,21.0,95,4150,28,33,13200.0,peugeot,0.029715358148264,0.625,30.5,9.487972108574462
110,0,peugeot 504 (sw),gas,std,4,wagon,rwd,front,114.2,198.9,68.4,58.7,3230,l,4,120,mpfi,3.46,3.19,8.4,97,5000,19,24,12440.0,peugeot,0.030030959752321982,0.8083333333333333,21.5,9.42867236629317
111,0,peugeot 504,diesel,turbo,4,wagon,rwd,front,114.2,198.9,68.4,58.7,3430,l,4,152,idi,3.7,3.52,21.0,95,4150,25,25,13860.0,peugeot,0.027696793002915453,0.625,25.0,9.536762272743895
112,0,peugeot 504,gas,std,4,sedan,rwd,front,107.9,186.7,68.4,56.7,3075,l,4,120,mpfi,3.46,2.19,8.4,95,5000,19,24,15580.0,peugeot,0.030894308943089432,0.7916666666666666,21.5,9.65374331942474
113,0,peugeot 604sl,diesel,turbo,4,sedan,rwd,front,107.9,186.7,68.4,56.7,3252,l,4,152,idi,3.7,3.52,21.0,95,4150,28,33,16900.0,peugeot,0.02921279212792128,0.625,30.5,9.735068900911164
114,0,peugeot 504,gas,std,4,wagon,rwd,front,114.2,198.9,68.4,56.7,3285,l,4,120,mpfi,3.46,2.19,8.4,95,5000,19,24,16695.0,peugeot,0.0289193302891933,0.7916666666666666,21.5,9.722864552377755
115,0,peugeot 505s turbo diesel,diesel,turbo,4,wagon,rwd,front,114.2,198.9,68.4,58.7,3485,l,4,152,idi,3.7,3.52,21.0,95,4150,25,25,17075.0,peugeot,0.027259684361549498,0.625,25.0,9.74537068443899
116,0,peugeot 504,gas,std,4,sedan,rwd,front,107.9,186.7,68.4,56.7,3075,l,4,120,mpfi,3.46,3.19,8.4,97,5000,19,24,16630.0,peugeot,0.031544715447154474,0.8083333333333333,21.5,9.718963572186974
117,0,peugeot 504,diesel,turbo,4,sedan,rwd,front,107.9,186.7,68.4,56.7,3252,l,4,152,idi,3.7,3.52,21.0,95,4150,28,33,17950.0,peugeot,0.02921279212792128,0.625,30.5,9.795345393916424
118,0,peugeot 604sl,gas,turbo,4,sedan,rwd,front,108.0,186.7,68.3,56.0,3130,l,4,134,mpfi,3.61,3.21,7.0,142,5600,18,24,18150.0,peugeot,0.04536741214057508,1.0597014925373134,21.0,9.806425839692997
119,1,plymouth fury iii,gas,std,2,hatchback,fwd,front,93.7,157.3,63.8,50.8,1918,ohc,4,90,2bbl,2.97,3.23,9.4,68,5500,37,41,5572.0,plymouth,0.035453597497393116,0.7555555555555555,39.0,8.625509334899697
120,1,plymouth cricket,gas,turbo,2,hatchback,fwd,front,93.7,157.3,63.8,50.8,2128,ohc,4,98,spdi,3.03,3.39,7.6,102,5500,24,30,7957.0,plymouth,0.047932330827067667,1.0408163265306123,27.0,8.981807323377534
121,1,plymouth fury iii,gas,std,4,hatchback,fwd,front,93.7,157.3,63.8,50.6,1967,ohc,4,90,2bbl,2.97,3.23,9.4,68,5500,31,38,6229.0,plymouth,0.03457041179461108,0.7555555555555555,34.5,8.736971085254146
122,1,plymouth satellite custom (sw),gas,std,4,sedan,fwd,front,93.7,167.3,63.8,50.8,1989,ohc,4,90,2bbl,2.97,3.23,9.4,68,5500,31,38,6692.0,plymouth,0.03418803418803419,0.7555555555555555,34.5,8.808668062106715
123,1,plymouth fury gran sedan,gas,std,4,sedan,fwd,front,93.7,167.3,63.8,50.8,2191,ohc,4,98,2bbl,2.97,3.23,9.4,68,5500,31,38,7609.0,plymouth,0.031036056595162027,0.6938775510204082,34.5,8.937087036176523
124,-1,plymouth valiant,gas,std,4,wagon,fwd,front,103.3,174.6,64.6,59.8,2535,ohc,4,122,2bbl,3.35,3.46,8.5,88,5000,24,30,8921.0,plymouth,0.03471400394477318,0.7213114754098361,27.0,9.096163326913784
125,3,plymouth duster,gas,turbo,2,hatchback,rwd,front,95.9,173.2,66.3,50.2,2818,ohc,4,156,spdi,3.59,3.86,7.0,145,5000,19,24,12764.0,plymouth,0.05145493257629524,0.9294871794871795,21.5,9.454383987398135
126,3,porsche macan,gas,std,2,hatchback,rwd,front,94.5,168.9,68.3,50.2,2778,ohc,4,151,mpfi,3.94,3.11,9.5,143,5500,19,27,22018.0,porsche,0.05147588192944565,0.9470198675496688,23.0,9.999615579630348
127,3,porcshce panamera,gas,std,2,hardtop,rwd,rear,89.5,168.9,65.0,51.6,2756,ohcf,6,194,mpfi,3.74,2.9,9.5,207,5900,17,25,32528.0,porsche,0.07510885341074021,1.0670103092783505,21.0,10.389856535868129
128,3,porsche cayenne,gas,std,2,hardtop,rwd,rear,89.5,168.9,65.0,51.6,2756,ohcf,6,194,mpfi,3.74,2.9,9.5,207,5900,17,25,34028.0,porsche,0.07510885341074021,1.0670103092783505,21.0,10.434938994095775
129,3,porsche boxter,gas,std,2,convertible,rwd,rear,89.5,168.9,65.0,51.6,2800,ohcf,6,194,mpfi,3.74,2.9,9.5,207,5900,17,25,37028.0,porsche,0.07392857142857143,1.0670103092783505,21.0,10.519429662187102
130,1,porsche cayenne,gas,std,2,hatchback,rwd,front,98.4,175.7,72.3,50.5,3366,dohcv,8,203,mpfi,3.94,3.11,10.0,288,5750,17,28,31400.5,porsche,0.0855614973262032,1.4187192118226601,22.5,10.354579095336446
131,0,renault 12tl,gas,std,4,wagon,fwd,front,96.1,181.5,66.5,55.2,2579,ohc,4,132,mpfi,3.46,3.9,8.7,90,5100,23,31,9295.0,renault,0.03489724699495929,0.6818181818181818,27.0,9.137231900155545
132,2,renault 5 gtl,gas,std,2,hatchback,fwd,front,96.1,176.8,66.6,50.5,2460,ohc,4,132,mpfi,3.46,3.9,8.7,90,5100,23,31,9895.0,renault,0.036585365853658534,0.6818181818181818,27.0,9.199784858036667
133,3,saab 99e,gas,std,2,hatchback,fwd,front,99.1,186.6,66.5,56.1,2658,ohc,4,121,mpfi,3.54,3.07,9.31,110,5250,21,28,11850.0,saab,0.04138449962377728,0.9090909090909091,24.5,9.380083146563278
134,2,saab 99le,gas,std,4,sedan,fwd,front,99.1,186.6,66.5,56.1,2695,ohc,4,121,mpfi,3.54,3.07,9.3,110,5250,21,28,12170.0,saab,0.04081632653061224,0.9090909090909091,24.5,9.406729185981574
135,3,saab 99le,gas,std,2,hatchback,fwd,front,99.1,186.6,66.5,56.1,2707,ohc,4,121,mpfi,2.54,2.07,9.3,110,5250,21,28,15040.0,saab,0.04063538973032878,0.9090909090909091,24.5,9.618468597503831
136,2,saab 99gle,gas,std,4,sedan,fwd,front,99.1,186.6,66.5,56.1,2758,ohc,4,121,mpfi,3.54,3.07,9.3,110,5250,21,28,15510.0,saab,0.03988397389412618,0.9090909090909091,24.5,9.649240256170584
137,3,saab 99gle,gas,turbo,2,hatchback,fwd,front,99.1,186.6,66.5,56.1,2808,dohc,4,121,mpfi,3.54,3.07,9.0,160,5500,19,26,18150.0,saab,0.05698005698005698,1.322314049586777,22.5,9.806425839692997
138,2,saab 99e,gas,turbo,4,sedan,fwd,front,99.1,186.6,66.5,56.1,2847,dohc,4,121,mpfi,3.54,3.07,9.0,160,5500,19,26,18620.0,saab,0.056199508254302775,1.322314049586777,22.5,9.831991550831058
139,2,subaru,gas,std,2,hatchback,fwd,front,93.7,156.9,63.4,53.7,2050,ohcf,4,97,2bbl,3.62,2.36,9.0,69,4900,31,36,5118.0,subaru,0.033658536585365856,0.711340206185567,33.5,8.540519016719735
140,2,subaru dl,gas,std,2,hatchback,fwd,front,93.7,157.9,63.6,53.7,2120,ohcf,4,108,2bbl,3.62,2.64,8.7,73,4400,26,31,7053.0,subaru,0.03443396226415094,0.6759259259259259,28.5,8.86120833720818
141,2,subaru dl,gas,std,2,hatchback,4wd,front,93.3,157.3,63.8,55.7,2240,ohcf,4,108,2bbl,3.62,2.64,8.7,73,4400,26,31,7603.0,subaru,0.032589285714285716,0.6759259259259259,28.5,8.936298185228436
142,0,subaru,gas,std,4,sedan,fwd,front,97.2,172.0,65.4,52.5,2145,ohcf,4,108,2bbl,3.62,2.64,9.5,82,4800,32,37,7126.0,subaru,0.03822843822843823,0.7592592592592593,34.5,8.871505346165781
143,0,subaru brz,gas,std,4,sedan,fwd,front,97.2,172.0,65.4,52.5,2190,ohcf,4,108,2bbl,3.62,2.64,9.5,82,4400,28,33,7775.0,subaru,0.03744292237442922,0.7592592592592593,30.5,8.958668737047434
144,0,subaru baja,gas,std,4,sedan,fwd,front,97.2,172.0,65.4,52.5,2340,ohcf,4,108,mpfi,3.62,2.64,9.0,94,5200,26,32,9960.0,subaru,0.040170940170940174,0.8703703703703703,29.0,9.206332350578643
145,0,subaru r1,gas,std,4,sedan,4wd,front,97.0,172.0,65.4,54.3,2385,ohcf,4,108,2bbl,3.62,2.64,9.0,82,4800,24,25,9233.0,subaru,0.034381551362683435,0.7592592592592593,24.5,9.130539301772627
146,0,subaru r2,gas,turbo,4,sedan,4wd,front,97.0,172.0,65.4,54.3,2510,ohcf,4,108,mpfi,3.62,2.64,7.7,111,4800,24,29,11259.0,subaru,0.044223107569721115,1.0277777777777777,26.5,9.32892308780313
147,0,subaru trezia,gas,std,4,wagon,fwd,front,97.0,173.5,65.4,53.0,2290,ohcf,4,108,2bbl,3.62,2.64,9.0,82,4800,28,32,7463.0,subaru,0.03580786026200873,0.7592592592592593,30.0,8.917712757131387
148,0,subaru tribeca,gas,std,4,wagon,fwd,front,97.0,173.5,65.4,53.0,2455,ohcf,4,108,mpfi,3.62,2.64,9.0,94,5200,25,31,10198.0,subaru,0.038289205702647655,0.8703703703703703,28.0,9.2299469016151
149,0,subaru dl,gas,std,4,wagon,4wd,front,96.9,173.6,65.4,54.9,2420,ohcf,4,108,2bbl,3.62,2.64,9.0,82,4800,23,29,8013.0,subaru,0.033884297520661154,0.7592592592592593,26.0,8.98882050177807
150,0,subaru dl,gas,turbo,4,wagon,4wd,front,96.9,173.6,65.4,54.9,2650,ohcf,4,108,mpfi,3.62,2.64,7.7,111,4800,23,23,11694.0,subaru,0.04188679245283019,1.0277777777777777,23.0,9.366831168735615
151,1,toyota corona mark ii,gas,std,2,hatchback,fwd,front,95.7,158.7,63.6,54.5,1985,ohc,4,92,2bbl,3.05,3.03,9.0,62,4800,35,39,5348.0,toyota,0.031234256926952142,0.6739130434782609,37.0,8.584477938221834
152,1,toyota corona,gas,std,2,hatchback,fwd,front,95.7,158.7,63.6,54.5,2040,ohc,4,92,2bbl,3.05,3.03,9.0,62,4800,31,38,6338.0,toyota,0.030392156862745098,0.6739130434782609,34.5,8.754318540250866
153,1,toyota corolla 1200,gas,std,4,hatchback,fwd,front,95.7,158.7,63.6,54.5,2015,ohc,4,92,2bbl,3.05,3.03,9.0,62,4800,31,38,6488.0,toyota,0.03076923076923077,0.6739130434782609,34.5,8.77770959579525
154,0,toyota corona hardtop,gas,std,4,wagon,fwd,front,95.7,169.7,63.6,59.1,2280,ohc,4,92,2bbl,3.05,3.03,9.0,62,4800,31,37,6918.0,toyota,0.027192982456140352,0.6739130434782609,34.0,8.841881989497114
155,0,toyota corolla 1600 (sw),gas,std,4,wagon,4wd,front,95.7,169.7,63.6,59.1,2290,ohc,4,92,2bbl,3.05,3.03,9.0,62,4800,27,32,7898.0,toyota,0.027074235807860263,0.6739130434782609,29.5,8.974364841846596
156,0,toyota carina,gas,std,4,wagon,4wd,front,95.7,169.7,63.6,59.1,3110,ohc,4,92,2bbl,3.05,3.03,9.0,62,4800,27,32,8778.0,toyota,0.019935691318327974,0.6739130434782609,29.5,9.080003870248179
157,0,toyota mark ii,gas,std,4,sedan,fwd,front,95.7,166.3,64.4,53.0,2081,ohc,4,98,2bbl,3.19,3.03,9.0,70,4800,30,37,6938.0,toyota,0.03363767419509851,0.7142857142857143,33.5,8.844768827529695
158,0,toyota corolla 1200,gas,std,4,hatchback,fwd,front,95.7,166.3,64.4,52.8,2109,ohc,4,98,2bbl,3.19,3.03,9.0,70,4800,30,37,7198.0,toyota,0.03319108582266477,0.7142857142857143,33.5,8.881558488638976
159,0,toyota corona,diesel,std,4,sedan,fwd,front,95.7,166.3,64.4,53.0,2275,ohc,4,110,idi,3.27,3.35,22.5,56,4500,34,36,7898.0,toyota,0.024615384615384615,0.509090909090909,35.0,8.974364841846596
160,0,toyota corolla,diesel,std,4,hatchback,fwd,front,95.7,166.3,64.4,52.8,2275,ohc,4,110,idi,3.27,3.35,22.5,56,4500,38,47,7788.0,toyota,0.024615384615384615,0.509090909090909,42.5,8.960339366492091
161,0,toyota corona,gas,std,4,sedan,fwd,front,95.7,166.3,64.4,53.0,2094,ohc,4,98,2bbl,3.19,3.03,9.0,70,4800,38,47,7738.0,toyota,0.033428844317096466,0.7142857142857143,42.5,8.953898535260459
162,0,toyota corolla,gas,std,4,hatchback,fwd,front,95.7,166.3,64.4,52.8,2122,ohc,4,98,2bbl,3.19,3.03,9.0,70,4800,28,34,8358.0,toyota,0.03298774740810556,0.7142857142857143,31.0,9.03097444300786
163,0,toyota mark ii,gas,std,4,sedan,fwd,front,95.7,166.3,64.4,52.8,2140,ohc,4,98,2bbl,3.19,3.03,9.0,70,4800,28,34,9258.0,toyota,0.03271028037383177,0.7142857142857143,31.0,9.133243321591216
164,1,toyota corolla liftback,gas,std,2,sedan,rwd,front,94.5,168.7,64.0,52.6,2169,ohc,4,98,2bbl,3.19,3.03,9.0,70,4800,29,34,8058.0,toyota,0.03227293683725219,0.7142857142857143,31.5,8.994420665751292
165,1,toyota corona,gas,std,2,hatchback,rwd,front,94.5,168.7,64.0,52.6,2204,ohc,4,98,2bbl,3.19,3.03,9.0,70,4800,29,34,8238.0,toyota,0.03176043557168784,0.7142857142857143,31.5,9.016512874996026
166,1,toyota celica gt liftback,gas,std,2,sedan,rwd,front,94.5,168.7,64.0,52.6,2265,dohc,4,98,mpfi,3.24,3.08,9.4,112,6600,26,29,9298.0,toyota,0.04944812362030905,1.1428571428571428,27.5,9.13755460225053
167,1,toyota corolla tercel,gas,std,2,hatchback,rwd,front,94.5,168.7,64.0,52.6,2300,dohc,4,98,mpfi,3.24,3.08,9.4,112,6600,26,29,9538.0,toyota,0.04869565217391304,1.1428571428571428,27.5,9.16303909885817
168,2,toyota corona liftback,gas,std,2,hardtop,rwd,front,98.4,176.2,65.6,52.0,2540,ohc,4,146,mpfi,3.62,3.5,9.3,116,4800,24,30,8449.0,toyota,0.04566929133858268,0.7945205479452054,27.0,9.041803370152845
169,2,toyota corolla,gas,std,2,hardtop,rwd,front,98.4,176.2,65.6,52.0,2536,ohc,4,146,mpfi,3.62,3.5,9.3,116,4800,24,30,9639.0,toyota,0.04574132492113565,0.7945205479452054,27.0,9.173572647783969
170,2,toyota starlet,gas,std,2,hatchback,rwd,front,98.4,176.2,65.6,52.0,2551,ohc,4,146,mpfi,3.62,3.5,9.3,116,4800,24,30,9989.0,toyota,0.04547236377891023,0.7945205479452054,27.0,9.20923976653215
171,2,toyota tercel,gas,std,2,hardtop,rwd,front,98.4,176.2,65.6,52.0,2679,ohc,4,146,mpfi,3.62,3.5,9.3,116,4800,24,30,11199.0,toyota,0.04329973870847331,0.7945205479452054,27.0,9.323579767582693
172,2,toyota corolla,gas,std,2,hatchback,rwd,front,98.4,176.2,65.6,52.0,2714,ohc,4,146,mpfi,3.62,3.5,9.3,116,4800,24,30,11549.0,toyota,0.04274134119380987,0.7945205479452054,27.0,9.354354132115088
173,2,toyota cressida,gas,std,2,convertible,rwd,front,98.4,176.2,65.6,53.0,2975,ohc,4,146,mpfi,3.62,3.5,9.3,116,4800,24,30,17669.0,toyota,0.038991596638655465,0.7945205479452054,27.0,9.77956697061665
174,-1,toyota corolla,gas,std,4,sedan,fwd,front,102.4,175.6,66.5,54.9,2326,ohc,4,122,mpfi,3.31,3.54,8.7,92,4200,29,34,8948.0,toyota,0.03955288048151333,0.7540983606557377,31.5,9.09918532261002
175,-1,toyota celica gt,diesel,turbo,4,sedan,fwd,front,102.4,175.6,66.5,54.9,2480,ohc,4,110,idi,3.27,3.35,22.5,73,4500,30,33,10698.0,toyota,0.02943548387096774,0.6636363636363637,31.5,9.277812087091196
176,-1,toyota corona,gas,std,4,hatchback,fwd,front,102.4,175.6,66.5,53.9,2414,ohc,4,122,mpfi,3.31,3.54,8.7,92,4200,27,32,9988.0,toyota,0.03811101905550953,0.7540983606557377,29.5,9.209139651399664
177,-1,toyota corolla,gas,std,4,sedan,fwd,front,102.4,175.6,66.5,54.9,2414,ohc,4,122,mpfi,3.31,3.54,8.7,92,4200,27,32,10898.0,toyota,0.03811101905550953,0.7540983606557377,29.5,9.296334565143043
178,-1,toyota mark ii,gas,std,4,hatchback,fwd,front,102.4,175.6,66.5,53.9,2458,ohc,4,122,mpfi,3.31,3.54,8.7,92,4200,27,32,11248.0,toyota,0.03742880390561432,0.7540983606557377,29.5,9.327945614050446
179,3,toyota corolla liftback,gas,std,2,hatchback,rwd,front,102.9,183.5,67.7,52.0,2976,dohc,6,171,mpfi,3.27,3.35,9.3,161,5200,20,24,16558.0,toyota,0.0540994623655914,0.9415204678362573,22.0,9.71462464769875
180,3,toyota corona,gas,std,2,hatchback,rwd,front,102.9,183.5,67.7,52.0,3016,dohc,6,171,mpfi,3.27,3.35,9.3,161,5200,19,24,15998.0,toyota,0.05338196286472149,0.9415204678362573,21.5,9.680218993408767
181,-1,toyota starlet,gas,std,4,sedan,rwd,front,104.5,187.8,66.5,54.1,3131,dohc,6,171,mpfi,3.27,3.35,9.2,156,5200,20,24,15690.0,toyota,0.049824337272436924,0.9122807017543859,22.0,9.660778845727078
182,-1,toyouta tercel,gas,std,4,wagon,rwd,front,104.5,187.8,66.5,54.1,3151,dohc,6,161,mpfi,3.27,3.35,9.2,156,5200,19,24,15750.0,toyota,0.04950809266899397,0.968944099378882,21.5,9.66459564425378
183,2,vokswagen rabbit,diesel,std,2,sedan,fwd,front,97.3,171.7,65.5,55.7,2261,ohc,4,97,idi,3.01,3.4,23.0,52,4800,37,46,7775.0,volkswagen,0.022998673153471916,0.5360824742268041,41.5,8.958668737047434
184,2,volkswagen 1131 deluxe sedan,gas,std,2,sedan,fwd,front,97.3,171.7,65.5,55.7,2209,ohc,4,109,mpfi,3.19,3.4,9.0,85,5250,27,34,7975.0,volkswagen,0.03847894975101856,0.7798165137614679,30.5,8.984066927653044
185,2,volkswagen model 111,diesel,std,4,sedan,fwd,front,97.3,171.7,65.5,55.7,2264,ohc,4,97,idi,3.01,3.4,23.0,52,4800,37,46,7995.0,volkswagen,0.022968197879858657,0.5360824742268041,41.5,8.986571625268054
186,2,volkswagen type 3,gas,std,4,sedan,fwd,front,97.3,171.7,65.5,55.7,2212,ohc,4,109,mpfi,3.19,3.4,9.0,85,5250,27,34,8195.0,volkswagen,0.03842676311030741,0.7798165137614679,30.5,9.01127949117793
187,2,volkswagen 411 (sw),gas,std,4,sedan,fwd,front,97.3,171.7,65.5,55.7,2275,ohc,4,109,mpfi,3.19,3.4,9.0,85,5250,27,34,8495.0,volkswagen,0.03736263736263736,0.7798165137614679,30.5,9.047233034106032
188,2,volkswagen super beetle,diesel,turbo,4,sedan,fwd,front,97.3,171.7,65.5,55.7,2319,ohc,4,97,idi,3.01,3.4,23.0,68,4500,37,42,9495.0,volkswagen,0.029322984044846918,0.7010309278350515,39.5,9.158520623246385
189,2,volkswagen dasher,gas,std,4,sedan,fwd,front,97.3,171.7,65.5,55.7,2300,ohc,4,109,mpfi,3.19,3.4,10.0,100,5500,26,32,9995.0,volkswagen,0.043478260869565216,0.9174311926605505,29.0,9.209840246934501
190,3,vw dasher,gas,std,2,convertible,fwd,front,94.5,159.3,64.2,55.6,2254,ohc,4,109,mpfi,3.19,3.4,8.5,90,5500,24,29,11595.0,volkswagen,0.03992901508429459,0.8256880733944955,26.5,9.358329249689632
191,3,vw rabbit,gas,std,2,hatchback,fwd,front,94.5,165.7,64.0,51.4,2221,ohc,4,109,mpfi,3.19,3.4,8.5,90,5500,24,29,9980.0,volkswagen,0.040522287257991896,0.8256880733944955,26.5,9.20833836930551
192,0,volkswagen rabbit,gas,std,4,sedan,fwd,front,100.4,180.2,66.9,55.1,2661,ohc,5,136,mpfi,3.19,3.4,8.5,110,5500,19,24,13295.0,volkswagen,0.04133784291619692,0.8088235294117647,21.5,9.49514330367712
193,0,volkswagen rabbit custom,diesel,turbo,4,sedan,fwd,front,100.4,180.2,66.9,55.1,2579,ohc,4,97,idi,3.01,3.4,23.0,68,4500,33,38,13845.0,volkswagen,0.026366808840635907,0.7010309278350515,35.5,9.535679435605061
194,0,volkswagen dasher,gas,std,4,wagon,fwd,front,100.4,183.1,66.9,55.1,2563,ohc,4,109,mpfi,3.19,3.4,9.0,88,5500,25,31,12290.0,volkswagen,0.034334763948497854,0.8073394495412844,28.0,9.416541202560081
195,-2,volvo 145e (sw),gas,std,4,sedan,rwd,front,104.3,188.8,67.2,56.2,2912,ohc,4,141,mpfi,3.78,3.15,9.5,114,5400,23,28,12940.0,volvo,0.03914835164835165,0.8085106382978723,25.5,9.468078568054892
196,-1,volvo 144ea,gas,std,4,wagon,rwd,front,104.3,188.8,67.2,57.5,3034,ohc,4,141,mpfi,3.78,3.15,9.5,114,5400,23,28,13415.0,volvo,0.037574159525379035,0.8085106382978723,25.5,9.504128762859725
197,-2,volvo 244dl,gas,std,4,sedan,rwd,front,104.3,188.8,67.2,56.2,2935,ohc,4,141,mpfi,3.78,3.15,9.5,114,5400,24,28,15985.0,volvo,0.03884156729131175,0.8085106382978723,26.0,9.679406061493943
198,-1,volvo 245,gas,std,4,wagon,rwd,front,104.3,188.8,67.2,57.5,3042,ohc,4,141,mpfi,3.78,3.15,9.5,114,5400,24,28,16515.0,volvo,0.03747534516765286,0.8085106382978723,26.0,9.71202433782489
199,-2,volvo 264gl,gas,turbo,4,sedan,rwd,front,104.3,188.8,67.2,56.2,3045,ohc,4,130,mpfi,3.62,3.15,7.5,162,5100,17,22,18420.0,volvo,0.053201970443349754,1.2461538461538462,19.5,9.821192309809298
200,-1,volvo diesel,gas,turbo,4,wagon,rwd,front,104.3,188.8,67.2,57.5,3157,ohc,4,130,mpfi,3.62,3.15,7.5,162,5100,17,22,18950.0,volvo,0.05131453911941717,1.2461538461538462,19.5,9.849559210510572
201,-1,volvo 145e (sw),gas,std,4,sedan,rwd,front,109.1,188.8,68.9,55.5,2952,ohc,4,141,mpfi,3.78,3.15,9.5,114,5400,23,28,16845.0,volvo,0.03861788617886179,0.8085106382978723,25.5,9.731809155840653
202,-1,volvo 144ea,gas,turbo,4,sedan,rwd,front,109.1,188.8,68.8,55.5,3049,ohc,4,141,mpfi,3.78,3.15,8.7,160,5300,19,25,19045.0,volvo,0.05247622171203673,1.1347517730496455,22.0,9.854559878912704
203,-1,volvo 244dl,gas,std,4,sedan,rwd,front,109.1,188.8,68.9,55.5,3012,ohcv,6,173,mpfi,3.58,2.87,8.8,134,5500,18,23,21485.0,volvo,0.04448871181938911,0.7745664739884393,20.5,9.975110296209095
204,-1,volvo 246,diesel,turbo,4,sedan,rwd,front,109.1,188.8,68.9,55.5,3217,ohc,6,145,idi,3.01,3.4,23.0,106,4800,26,27,22470.0,volvo,0.032949953372707494,0.7310344827586207,26.5,10.019936365179374
205,-1,volvo 264gl,gas,turbo,4,sedan,rwd,front,109.1,188.8,68.9,55.5,3062,ohc,4,141,mpfi,3.78,3.15,9.5,114,5400,19,25,22625.0,volvo,0.037230568256041804,0.8085106382978723,22.0,10.026810768568128
